zone_id,lat,lon,display_name,road,suburb,district,city,postcode,address_short
1,22.54041,114.103,"嘉宾路, 蔡屋围, 新围社区, 桂园街道, 罗湖区, 深圳市, 广东省, 518000, 中国",嘉宾路,桂园街道,N/A,罗湖区,518000,"嘉宾路, N/A, Shenzhen"
3,22.55127,114.1208,"翠园街, 螺岭社区, 东门街道, 罗湖区, 深圳市, 广东省, 518000, 中国",翠园街,东门街道,N/A,罗湖区,518000,"翠园街, N/A, Shenzhen"
5,22.54486,114.1304,"沿河南路, 文华社区, 黄贝街道, 罗湖区, 深圳市, 广东省, 518000, 中国",沿河南路,黄贝街道,N/A,罗湖区,518000,"沿河南路, N/A, Shenzhen"
6,22.55403,114.1315,"黄贝路, 怡景社区, 黄贝街道, 罗湖区, 深圳市, 广东省, 518000, 中国",黄贝路,黄贝街道,N/A,罗湖区,518000,"黄贝路, N/A, Shenzhen"
7,22.56388,114.143,"三孔桥, 水库社区, 黄贝街道, 罗湖区, 深圳市, 广东省, 518000, 中国",三孔桥,黄贝街道,N/A,罗湖区,518000,"三孔桥, N/A, Shenzhen"
8,22.54906,114.1434,"运发江洲大厦, 108, 罗芳路, 新兴社区, 黄贝街道, 罗湖区, 深圳市, 广东省, 518000, 中国",罗芳路,黄贝街道,N/A,罗湖区,518000,"罗芳路, N/A, Shenzhen"
9,22.5638,114.1278,"主园路, 翠岭社区, 翠竹街道, 罗湖区, 深圳市, 广东省, 518000, 中国",主园路,翠竹街道,N/A,罗湖区,518000,"主园路, N/A, Shenzhen"
10,22.56839,114.1143,"5, 洪湖西路, 洪湖, 北站社区, 笋岗街道, 罗湖区, 深圳市, 广东省, 518000, 中国",洪湖西路,笋岗街道,N/A,罗湖区,518000,"洪湖西路, N/A, Shenzhen"
13,22.58204,114.1498,"翠鹏社区, 东湖街道, 罗湖区, 深圳市, 广东省, 518000, 中国",N/A,东湖街道,N/A,罗湖区,518000,"N/A, Shenzhen"
14,22.5889,114.183,"鲲鹏径, 梧桐山社区, 东湖街道, 罗湖区, 深圳市, 广东省, 518000, 中国",鲲鹏径,东湖街道,N/A,罗湖区,518000,"鲲鹏径, N/A, Shenzhen"
15,22.55627,114.0532,"莲花西径, 福新社区, 莲花街道, 福田区, 深圳市, 广东省, 518000, 中国",莲花西径,莲花街道,N/A,福田区,518000,"莲花西径, N/A, Shenzhen"
17,22.5636,114.0622,"彩田路, 彩虹社区, 莲花街道, 福田区, 深圳市, 广东省, 518000, 中国",彩田路,莲花街道,N/A,福田区,518000,"彩田路, N/A, Shenzhen"
18,22.55055,114.0649,"1栋, 红荔路, 莲花三村社区, 华富街道, 福田区, 深圳市, 广东省, 518000, 中国",红荔路,华富街道,N/A,福田区,518000,"红荔路, N/A, Shenzhen"
19,22.53743,114.0652,"34栋, 福华路, 福山社区, 福田街道, 福田区, 深圳市, 广东省, 518000, 中国",福华路,福田街道,N/A,福田区,518000,"福华路, N/A, Shenzhen"
20,22.56371,114.0938,"八卦七路, 八卦岭工业区五区, 华林社区, 园岭街道, 福田区, 深圳市, 广东省, 518000, 中国",八卦七路,园岭街道,N/A,福田区,518000,"八卦七路, N/A, Shenzhen"
25,22.56655,114.0751,"探幽径, 华山社区, 华富街道, 福田区, 深圳市, 广东省, 518000, 中国",探幽径,华富街道,N/A,福田区,518000,"探幽径, N/A, Shenzhen"
26,22.54714,114.0711,"振华西路, 田面社区, 华富街道, 福田区, 深圳市, 广东省, 518000, 中国",振华西路,华富街道,N/A,福田区,518000,"振华西路, N/A, Shenzhen"
27,22.52743,114.0249,"上沙椰树路, 椰树村, 上沙社区, 沙头街道, 福田区, 深圳市, 广东省, 518000, 中国",上沙椰树路,沙头街道,N/A,福田区,518000,"上沙椰树路, N/A, Shenzhen"
28,22.50937,114.0478,"市花路, 福田保税区, 福保社区, 福保街道, 福田区, 深圳市, 广东省, 518000, 中国",市花路,福田保税区,N/A,福田区,518000,"市花路, N/A, Shenzhen"
29,22.52417,114.0698,"C, 百合三路, 口岸社区, 福田街道, 福田区, 深圳市, 广东省, 518000, 中国",百合三路,福田街道,N/A,福田区,518000,"百合三路, N/A, Shenzhen"
30,22.53302,114.0042,"白石路, 金城社区, 沙头街道, 福田区, 深圳市, 广东省, 518000, 中国",白石路,沙头街道,N/A,福田区,518000,"白石路, N/A, Shenzhen"
31,22.53539,114.0218,"苍松大厦, 25, 泰然七路, 泰然社区, 天安社区, 沙头街道, 福田区, 深圳市, 广东省, 518000, 中国",泰然七路,沙头街道,N/A,福田区,518000,"泰然七路, N/A, Shenzhen"
32,22.53703,114.0356,"深圳高尔夫俱乐部, 滨河大道, 新沙社区, 沙头街道, 福田区, 深圳市, 广东省, 518000, 中国",滨河大道,沙头街道,N/A,福田区,518000,"滨河大道, N/A, Shenzhen"
33,22.5753,114.0261,"二线公路, 龙尾社区, 梅林街道, 福田区, 深圳市, 广东省, 518000, 中国",二线公路,梅林街道,N/A,福田区,518000,"二线公路, N/A, Shenzhen"
34,22.49918,113.9412,"深圳湾社区, 蛇口街道, 南山区, 深圳市, 广东省, 518000, 中国",N/A,蛇口街道,N/A,南山区,518000,"N/A, Shenzhen"
35,22.49661,113.9013,"南山观景台, 招商街道, 南山区, 深圳市, 广东省, 518000, 中国",南山观景台,招商街道,N/A,南山区,518000,"南山观景台, N/A, Shenzhen"
39,22.56179,113.9181,"南山农产品批发零售中心, 1, 中山园路, 南联社区, 南头街道, 南山区, 深圳市, 广东省, 518000, 中国",中山园路,南头街道,N/A,南山区,518000,"中山园路, N/A, Shenzhen"
41,22.56008,113.9465,"朗松路, 松坪村, 松坪山社区, 西丽街道, 南山区, 深圳市, 广东省, 518000, 中国",朗松路,西丽街道,N/A,南山区,518000,"朗松路, N/A, Shenzhen"
42,22.54934,113.9473,"7栋, 青梧路, 科技园社区, 粤海街道, 南山区, 深圳市, 广东省, 518000, 中国",青梧路,粤海街道,N/A,南山区,518000,"青梧路, N/A, Shenzhen"
43,22.54889,113.9344,"4栋, 高新中二道, 麻岭社区, 粤海街道, 南山区, 深圳市, 广东省, 518000, 中国",高新中二道,粤海街道,N/A,南山区,518000,"高新中二道, N/A, Shenzhen"
44,22.53975,113.9469,"科技南八路, 高新区社区, 粤海街道, 南山区, 深圳市, 广东省, 518000, 中国",科技南八路,粤海街道,N/A,南山区,518000,"科技南八路, N/A, Shenzhen"
45,22.53578,113.9319,"3688, 南海大道, 深大社区, 粤海街道, 南山区, 深圳市, 广东省, 518060, 中国",南海大道,粤海街道,N/A,南山区,518060,"南海大道, N/A, Shenzhen"
46,22.55032,113.9674,"波托菲诺纯水岸, 文昌街社区, 沙河街道, 南山区, 深圳市, 广东省, 518000, 中国",N/A,沙河街道,N/A,南山区,518000,"N/A, Shenzhen"
47,22.54486,113.9816,"香山东街, 华侨城创意文化园, 香山街社区, 沙河街道, 南山区, 深圳市, 广东省, 518053, 中国",香山东街,沙河街道,N/A,南山区,518053,"香山东街, N/A, Shenzhen"
48,22.53477,113.9746,"G25, 深南大道, 东方社区, 沙河街道, 南山区, 深圳市, 广东省, 518000, 中国",深南大道,沙河街道,N/A,南山区,518000,"深南大道, N/A, Shenzhen"
49,22.52735,113.9735,"深湾四路, 深超总社区, 沙河街道, 南山区, 深圳市, 广东省, 518000, 中国",深湾四路,沙河街道,N/A,南山区,518000,"深湾四路, N/A, Shenzhen"
50,22.54291,113.956,"深南大道, 白石洲西社区, 沙河街道, 南山区, 深圳市, 广东省, 518000, 中国",深南大道,沙河街道,N/A,南山区,518000,"深南大道, N/A, Shenzhen"
51,22.56437,113.9661,"深圳市交警局车辆管理所, 龙井路, 龙悦社区, 桃源街道, 南山区, 深圳市, 广东省, 518000, 中国",龙井路,桃源街道,N/A,南山区,518000,"龙井路, N/A, Shenzhen"
53,22.57965,113.9879,"双峰竞秀, 茶香径, 朗山社区, 桃源街道, 南山区, 深圳市, 广东省, 518000, 中国",茶香径,桃源街道,N/A,南山区,518000,"茶香径, N/A, Shenzhen"
56,22.58859,113.9575,"2栋, 学苑大道, 丽山社区, 桃源街道, 南山区, 深圳市, 广东省, 518000, 中国",学苑大道,桃源街道,N/A,南山区,518000,"学苑大道, N/A, Shenzhen"
58,22.60114,113.9934,"学生事务中心, 1088, 学苑大道, 福光社区, 桃源街道, 南山区, 深圳市, 广东省, 518055, 中国",学苑大道,桃源街道,N/A,南山区,518055,"学苑大道, N/A, Shenzhen"
59,22.62228,113.9558,"麻磡社区, 西丽街道, 南山区, 深圳市, 广东省, 518000, 中国",N/A,西丽街道,N/A,南山区,518000,"N/A, Shenzhen"
60,22.51618,113.9412,"深圳湾文化广场, 登良路隧道, 海珠社区, 粤海街道, 南山区, 深圳市, 广东省, 518000, 中国",登良路隧道,粤海街道,N/A,南山区,518000,"登良路隧道, N/A, Shenzhen"
61,22.547435,114.1072,"桂园街道办事处, 桂园路, 桂木园社区, 桂园街道, 罗湖区, 深圳市, 广东省, 518000, 中国",桂园路,桂园街道,N/A,罗湖区,518000,"桂园路, N/A, Shenzhen"
62,22.57869,114.2732,"进港三路, 盐田港, 盐田街道, 盐田区, 深圳市, 广东省, 518000, 中国",进港三路,盐田街道,N/A,盐田区,518000,"进港三路, N/A, Shenzhen"
63,22.5991,114.2991,"大梅沙社区, 梅沙街道, 盐田区, 深圳市, 广东省, 518000, 中国",N/A,梅沙街道,N/A,盐田区,518000,"N/A, Shenzhen"
64,22.55102,113.8862,"海秀路, 宝安中心区, 海旺社区, 新安街道, 宝安区, 深圳市, 广东省, 518100, 中国",海秀路,新安街道,N/A,宝安区,518100,"海秀路, N/A, Shenzhen"
65,22.55353,113.87,"金科路, 海裕社区, 新安街道, 宝安区, 深圳市, 广东省, 518100, 中国",金科路,新安街道,N/A,宝安区,518100,"金科路, N/A, Shenzhen"
67,22.56845,113.9057,"灵芝园, 灵芝园社区, 新安街道, 宝安区, 深圳市, 广东省, 518100, 中国",N/A,新安街道,N/A,宝安区,518100,"N/A, Shenzhen"
71,22.58677,113.8836,"流塘路, 河东社区, 西乡街道, 宝安区, 深圳市, 广东省, 518100, 中国",流塘路,西乡街道,N/A,宝安区,518100,"流塘路, N/A, Shenzhen"
72,22.60457,113.8733,"主园路, 凤凰岗社区, 西乡街道, 宝安区, 深圳市, 广东省, 518100, 中国",主园路,西乡街道,N/A,宝安区,518100,"主园路, N/A, Shenzhen"
74,22.59503,113.8579,"盐田社区, 西乡街道, 宝安区, 深圳市, 广东省, 518100, 中国",N/A,西乡街道,N/A,宝安区,518100,"N/A, Shenzhen"
75,22.59999,113.8368,"南昌路, 解放村, 固戍社区, 西乡街道, 宝安区, 深圳市, 广东省, 518100, 中国",南昌路,西乡街道,N/A,宝安区,518100,"南昌路, N/A, Shenzhen"
76,22.60986,113.8473,"66, 航城大道, 航城街道, 宝安区, 深圳市, 广东省, 518126, 中国",航城大道,航城街道,N/A,宝安区,518126,"航城大道, N/A, Shenzhen"
77,22.56334,113.8775,"罗田路, 海裕社区, 新安街道, 宝安区, 深圳市, 广东省, 518100, 中国",罗田路,新安街道,N/A,宝安区,518100,"罗田路, N/A, Shenzhen"
78,22.56923,113.8627,"宁波银行, 138, 宝源路, 渔业社区, 西乡街道, 宝安区, 深圳市, 广东省, 518000, 中国",宝源路,西乡街道,N/A,宝安区,518000,"宝源路, N/A, Shenzhen"
79,22.57686,113.8533,"得丰·榕湾汇, 宝源路, 永丰社区, 西乡街道, 宝安区, 深圳市, 广东省, 518102, 中国",宝源路,西乡街道,N/A,宝安区,518102,"宝源路, N/A, Shenzhen"
81,22.61829,113.8582,"桃源三路, 桃源社区, 西乡街道, 宝安区, 深圳市, 广东省, 518100, 中国",桃源三路,西乡街道,N/A,宝安区,518100,"桃源三路, N/A, Shenzhen"
82,22.66277,113.8182,"怀德南路, 怀德社区, 福永街道, 宝安区, 深圳市, 广东省, 518100, 中国",怀德南路,福永街道,N/A,宝安区,518100,"怀德南路, N/A, Shenzhen"
88,22.78576,113.8485,"松罗路, 山门社区, 燕罗街道, 宝安区, 深圳市, 广东省, 518100, 中国",松罗路,燕罗街道,N/A,宝安区,518100,"松罗路, N/A, Shenzhen"
91,22.77567,113.8177,"松兴路, 江边社区, 松岗街道, 宝安区, 深圳市, 广东省, 518100, 中国",松兴路,松岗街道,N/A,宝安区,518100,"松兴路, N/A, Shenzhen"
92,22.77957,113.843,"山尾旧村, 松岗街道, 宝安区, 深圳市, 广东省, 518100, 中国",N/A,松岗街道,N/A,宝安区,518100,"N/A, Shenzhen"
94,22.74907,113.8309,"芙蓉西路, 新桥社区, 新桥街道, 宝安区, 深圳市, 广东省, 518100, 中国",芙蓉西路,新桥街道,N/A,宝安区,518100,"芙蓉西路, N/A, Shenzhen"
96,22.73523,113.8283,"新二村, 新桥街道, 宝安区, 深圳市, 广东省, 518100, 中国",N/A,新桥街道,N/A,宝安区,518100,"N/A, Shenzhen"
97,22.75813,113.8147,"大浦路, 步涌社区, 沙井街道, 宝安区, 深圳市, 广东省, 518100, 中国",大浦路,沙井街道,N/A,宝安区,518100,"大浦路, N/A, Shenzhen"
98,22.74147,113.8114,"6栋, 觉园西路, 辛养社区, 沙井街道, 宝安区, 深圳市, 广东省, 518100, 中国",觉园西路,沙井街道,N/A,宝安区,518100,"觉园西路, N/A, Shenzhen"
99,22.72675,113.8087,"宝华学校, 沙中路, 茭塘社区, 沙井街道, 宝安区, 深圳市, 广东省, 518100, 中国",沙中路,沙井街道,N/A,宝安区,518100,"沙中路, N/A, Shenzhen"
100,22.72127,113.8237,"上丽路, 沙企社区, 新桥街道, 宝安区, 深圳市, 广东省, 518100, 中国",上丽路,新桥街道,N/A,宝安区,518100,"上丽路, N/A, Shenzhen"
102,22.72746,113.7945,"万安路, 沙头社区, 沙井街道, 宝安区, 深圳市, 广东省, 518100, 中国",万安路,沙井街道,N/A,宝安区,518100,"万安路, N/A, Shenzhen"
103,22.70982,113.793,"沙福路, 沙井街道, 宝安区, 深圳市, 广东省, 518100, 中国",沙福路,沙井街道,N/A,宝安区,518100,"沙福路, N/A, Shenzhen"
104,22.68773,113.7904,"和平社区, 福海街道, 宝安区, 深圳市, 广东省, 518100, 中国",N/A,福海街道,N/A,宝安区,518100,"N/A, Shenzhen"
105,22.69107,113.8012,"桥头社区, 福海街道, 宝安区, 深圳市, 广东省, 518100, 中国",N/A,福海街道,N/A,宝安区,518100,"N/A, Shenzhen"
107,22.78574,113.8628,"薯田埔社区, 马田街道, 光明区, 深圳市, 广东省, 518107, 中国",N/A,马田街道,N/A,光明区,518107,"N/A, Shenzhen"
108,22.66496,113.9469,"S2, 龙眼山, 石岩街道, 宝安区, 深圳市, 广东省, 518100, 中国",S2,石岩街道,N/A,宝安区,518100,"S2, N/A, Shenzhen"
110,22.77903,113.8943,"福盈·中央山, 公明街道, 光明区, 深圳市, 广东省, 518107, 中国",N/A,公明街道,N/A,光明区,518107,"N/A, Shenzhen"
111,22.77263,113.8759,"鸿建路, 根竹园社区, 马田街道, 光明区, 深圳市, 广东省, 518107, 中国",鸿建路,马田街道,N/A,光明区,518107,"鸿建路, N/A, Shenzhen"
112,22.78994,113.8849,"上村社区, 公明街道, 光明区, 深圳市, 广东省, 518107, 中国",N/A,公明街道,N/A,光明区,518107,"N/A, Shenzhen"
113,22.75977,113.9039,"深圳市光明区实验学校, 东周路, 东坑, 凤凰街道, 光明区, 深圳市, 广东省, 518107, 中国",东周路,凤凰街道,N/A,光明区,518107,"东周路, N/A, Shenzhen"
114,22.73347,113.9186,"东长路, 甲子塘, 凤凰街道, 光明区, 深圳市, 广东省, 518107, 中国",东长路,凤凰街道,N/A,光明区,518107,"东长路, N/A, Shenzhen"
116,22.74363,113.8806,"南光高速, 马田街道, 光明区, 深圳市, 广东省, 518107, 中国",南光高速,马田街道,N/A,光明区,518107,"南光高速, N/A, Shenzhen"
119,22.71749,113.8933,"玉律大洋三路, 玉律社区, 玉塘街道, 光明区, 深圳市, 广东省, 518107, 中国",玉律大洋三路,玉塘街道,N/A,光明区,518107,"玉律大洋三路, N/A, Shenzhen"
120,22.72562,113.9708,"光明绿道, 凤凰街道, 光明区, 深圳市, 广东省, 518107, 中国",光明绿道,凤凰街道,N/A,光明区,518107,"光明绿道, N/A, Shenzhen"
125,22.75718,113.8882,"石家社区, 马田街道, 光明区, 深圳市, 广东省, 518107, 中国",N/A,马田街道,N/A,光明区,518107,"N/A, Shenzhen"
126,22.74968,113.9381,"牛山路, 光明社区, 光明街道, 光明区, 深圳市, 广东省, 518107, 中国",牛山路,光明街道,N/A,光明区,518107,"牛山路, N/A, Shenzhen"
128,22.63268,113.9979,"复兴路, 民治街道, 龙华区, 深圳市, 广东省, 518109, 中国",复兴路,民治街道,N/A,龙华区,518109,"复兴路, N/A, Shenzhen"
129,22.75218,114.0326,"清樟路, 黎光, 观澜街道, 龙华区, 深圳市, 广东省, 518110, 中国",清樟路,观澜街道,N/A,龙华区,518110,"清樟路, N/A, Shenzhen"
130,22.73902,114.0421,"桂香路, 库坑, 观澜街道, 龙华区, 深圳市, 广东省, 518110, 中国",桂香路,观澜街道,N/A,龙华区,518110,"桂香路, N/A, Shenzhen"
134,22.72003,114.0322,"丹坑, 福城街道, 龙华区, 深圳市, 广东省, 518110, 中国",N/A,福城街道,N/A,龙华区,518110,"N/A, Shenzhen"
135,22.70901,114.0211,"狮径, 福城街道, 龙华区, 深圳市, 广东省, 518110, 中国",N/A,福城街道,N/A,龙华区,518110,"N/A, Shenzhen"
137,22.72468,114.0445,"大布巷, 观澜街道, 龙华区, 深圳市, 广东省, 518110, 中国",N/A,观澜街道,N/A,龙华区,518110,"N/A, Shenzhen"
139,22.69842,114.0424,"求知路, 田竂, 观湖街道, 龙华区, 深圳市, 广东省, 518110, 中国",求知路,观湖街道,N/A,龙华区,518110,"求知路, N/A, Shenzhen"
140,22.60431,114.0312,"白石龙, 民治街道, 龙华区, 深圳市, 广东省, 518110, 中国",N/A,民治街道,N/A,龙华区,518110,"N/A, Shenzhen"
141,22.60524,114.0543,"民乐社区, 民治街道, 龙华区, 深圳市, 广东省, 518110, 中国",N/A,民治街道,N/A,龙华区,518110,"N/A, Shenzhen"
142,22.6145,114.0388,"民丰路, 民新社区, 民治街道, 龙华区, 深圳市, 广东省, 518110, 中国",民丰路,民治街道,N/A,龙华区,518110,"民丰路, N/A, Shenzhen"
143,22.6219,114.0489,"民康路, 民康社区, 民治街道, 龙华区, 深圳市, 广东省, 518110, 中国",民康路,民治街道,N/A,龙华区,518110,"民康路, N/A, Shenzhen"
144,22.62769,114.0334,"民治大道, 民强社区, 民治街道, 龙华区, 深圳市, 广东省, 518110, 中国",民治大道,民治街道,N/A,龙华区,518110,"民治大道, N/A, Shenzhen"
145,22.6245,114.0207,"31, 民繁路68号, 红山6979, 南源新村, 民治街道, 龙华区, 深圳市, 广东省, 518110, 中国",N/A,民治街道,N/A,龙华区,518110,"N/A, Shenzhen"
146,22.63789,114.0345,"8栋, 新牛路, 新牛社区, 民治街道, 龙华区, 深圳市, 广东省, 518110, 中国",新牛路,民治街道,N/A,龙华区,518110,"新牛路, N/A, Shenzhen"
147,22.63365,114.0548,"长发路, 里石排, 坂田街道, 龙岗区, 深圳市, 广东省, 518100, 中国",长发路,坂田街道,N/A,龙岗区,518100,"长发路, N/A, Shenzhen"
148,22.65522,114.0434,"清泉路, 鸿海科技集团, 伍屋, 龙华街道, 龙华区, 深圳市, 广东省, 518110, 中国",清泉路,龙华街道,N/A,龙华区,518110,"清泉路, N/A, Shenzhen"
149,22.65316,114.027,"东环一路, 共和, 狮头岭, 龙华街道, 龙华区, 深圳市, 广东省, 518110, 中国",东环一路,龙华街道,N/A,龙华区,518110,"东环一路, N/A, Shenzhen"
150,22.64512,114.018,"景龙中环路, 新牛社区, 民治街道, 龙华区, 深圳市, 广东省, 518110, 中国",景龙中环路,民治街道,N/A,龙华区,518110,"景龙中环路, N/A, Shenzhen"
151,22.66198,114.0191,"东环一路, 山咀头, 龙华街道, 龙华区, 深圳市, 广东省, 518110, 中国",东环一路,龙华街道,N/A,龙华区,518110,"东环一路, N/A, Shenzhen"
152,22.66432,114.0304,"龙华和平路, 弓村, 龙华街道, 龙华区, 深圳市, 广东省, 518110, 中国",龙华和平路,龙华街道,N/A,龙华区,518110,"龙华和平路, N/A, Shenzhen"
153,22.70269,113.9911,"新石社区工作站, 龙华环城绿道－大浪段, 新石社区, 大浪街道, 龙华区, 深圳市, 广东省, 518109, 中国",龙华环城绿道－大浪段,大浪街道,N/A,龙华区,518109,"龙华环城绿道－大浪段, N/A, Shenzhen"
154,22.60935,114.0739,"鸡公山隧道, 玉龙社区, 坂田街道, 龙岗区, 深圳市, 广东省, 518000, 中国",鸡公山隧道,坂田街道,N/A,龙岗区,518000,"鸡公山隧道, N/A, Shenzhen"
156,22.67147,113.9909,"规划一路, 华荣社区, 大浪街道, 龙华区, 深圳市, 广东省, 518109, 中国",规划一路,大浪街道,N/A,龙华区,518109,"规划一路, N/A, Shenzhen"
157,22.63661,114.0083,"新区大道, 简上, 民治街道, 龙华区, 深圳市, 广东省, 518110, 中国",新区大道,民治街道,N/A,龙华区,518110,"新区大道, N/A, Shenzhen"
159,22.7076,114.0773,"观平路, 新田社区, 观湖街道, 龙华区, 深圳市, 广东省, 518110, 中国",观平路,观湖街道,N/A,龙华区,518110,"观平路, N/A, Shenzhen"
160,22.68198,114.0807,"坂澜大道, 樟坑径上围, 观湖街道, 龙华区, 深圳市, 广东省, 518110, 中国",坂澜大道,观湖街道,N/A,龙华区,518110,"坂澜大道, N/A, Shenzhen"
162,22.67545,114.0542,"清庆路, 龙华街道, 龙华区, 深圳市, 广东省, 518110, 中国",清庆路,龙华街道,N/A,龙华区,518110,"清庆路, N/A, Shenzhen"
163,22.68646,114.0595,"嘉园幼儿园, 观盛四路, 樟坑径下围, 观湖街道, 龙华区, 深圳市, 广东省, 518110, 中国",观盛四路,观湖街道,N/A,龙华区,518110,"观盛四路, N/A, Shenzhen"
164,22.71845,114.095,"君新路, 凌屋, 观澜街道, 龙华区, 深圳市, 广东省, 518110, 中国",君新路,观澜街道,N/A,龙华区,518110,"君新路, N/A, Shenzhen"
165,22.65212,114.0844,"上雪竹径, 坂田街道, 龙岗区, 深圳市, 广东省, 518100, 中国",N/A,坂田街道,N/A,龙岗区,518100,"N/A, Shenzhen"
166,22.64887,114.0551,"隆平路, 华为技术有限公司, 泰山, 坂田街道, 龙岗区, 深圳市, 广东省, 518100, 中国",隆平路,坂田街道,N/A,龙岗区,518100,"隆平路, N/A, Shenzhen"
168,22.66157,114.0676,"坂雪岗大道, 岗头, 坂田街道, 龙岗区, 深圳市, 广东省, 518100, 中国",坂雪岗大道,坂田街道,N/A,龙岗区,518100,"坂雪岗大道, N/A, Shenzhen"
170,22.64999,114.068,"雪象学校, 坂澜大道, 下雪竹径, 坂田街道, 龙岗区, 深圳市, 广东省, 518100, 中国",坂澜大道,坂田街道,N/A,龙岗区,518100,"坂澜大道, N/A, Shenzhen"
171,22.62187,114.0605,"光雅园村, 光雅园, 坂田街道, 龙岗区, 深圳市, 广东省, 518100, 中国",N/A,坂田街道,N/A,龙岗区,518100,"N/A, Shenzhen"
172,22.62301,114.0729,"永香路, 大光磡, 坂田街道, 龙岗区, 深圳市, 广东省, 518100, 中国",永香路,坂田街道,N/A,龙岗区,518100,"永香路, N/A, Shenzhen"
175,22.69882,114.0604,"田竂, 观湖街道, 龙华区, 深圳市, 广东省, 518110, 中国",N/A,观湖街道,N/A,龙华区,518110,"N/A, Shenzhen"
176,22.64475,114.2461,"大万村, 园山街道, 龙岗区, 深圳市, 广东省, 518100, 中国",N/A,园山街道,N/A,龙岗区,518100,"N/A, Shenzhen"
177,22.62857,114.16,"简竹护理院, 简竹路, 丹平社区, 南湾街道, 龙岗区, 深圳市, 广东省, 518100, 中国",简竹路,南湾街道,N/A,龙岗区,518100,"简竹路, N/A, Shenzhen"
178,22.68114,114.0994,"清平高速, 平湖街道, 龙岗区, 深圳市, 广东省, 518100, 中国",清平高速,平湖街道,N/A,龙岗区,518100,"清平高速, N/A, Shenzhen"
180,22.67282,114.1176,"A, 新木路, 新木社区, 平湖街道, 龙岗区, 深圳市, 广东省, 518100, 中国",新木路,平湖街道,N/A,龙岗区,518100,"新木路, N/A, Shenzhen"
181,22.64562,114.1,"吉华街道, 龙岗区, 深圳市, 广东省, 518100, 中国",N/A,吉华街道,N/A,龙岗区,518100,"N/A, Shenzhen"
182,22.67801,114.1389,"深圳大学附属华南医院, 1, 福新路, 横岭, 平湖街道, 龙岗区, 深圳市, 广东省, 518100, 中国",福新路,平湖街道,N/A,龙岗区,518100,"福新路, N/A, Shenzhen"
184,22.67213,114.2295,"树根营地, 荷康路, 银荷社区, 园山街道, 龙岗区, 深圳市, 广东省, 518100, 中国",荷康路,园山街道,N/A,龙岗区,518100,"荷康路, N/A, Shenzhen"
186,22.63285,114.1117,"三联社区, 吉华街道, 龙岗区, 深圳市, 广东省, 518100, 中国",N/A,吉华街道,N/A,龙岗区,518100,"N/A, Shenzhen"
187,22.61213,114.118,"世纪皇廷酒店, 吉政路, 文景社区, 布吉街道, 龙岗区, 深圳市, 广东省, 518100, 中国",吉政路,布吉街道,N/A,龙岗区,518100,"吉政路, N/A, Shenzhen"
188,22.65695,114.109,"甘李路, 甘坑, 吉华街道, 龙岗区, 深圳市, 广东省, 518100, 中国",甘李路,吉华街道,N/A,龙岗区,518100,"甘李路, N/A, Shenzhen"
189,22.64223,114.1351,"下李朗社区, 南湾街道, 龙岗区, 深圳市, 广东省, 518100, 中国",N/A,南湾街道,N/A,龙岗区,518100,"N/A, Shenzhen"
194,22.73848,114.2899,"宝龙街道, 龙岗区, 深圳市, 广东省, 518100, 中国",N/A,宝龙街道,N/A,龙岗区,518100,"N/A, Shenzhen"
195,22.72968,114.2882,"龙东社区, 宝龙街道, 龙岗区, 深圳市, 广东省, 518100, 中国",N/A,宝龙街道,N/A,龙岗区,518100,"N/A, Shenzhen"
197,22.71874,114.2834,"市场街, 上井南, 宝龙街道, 龙岗区, 深圳市, 广东省, 518100, 中国",市场街,宝龙街道,N/A,龙岗区,518100,"市场街, N/A, Shenzhen"
198,22.76846,114.3106,"坪东学校, 同心路, 坪东社区, 坪地街道, 龙岗区, 深圳市, 广东省, 518100, 中国",同心路,坪地街道,N/A,龙岗区,518100,"同心路, N/A, Shenzhen"
200,22.68146,114.2933,"金碧路, 碧岭社区, 碧岭街道, 坪山区, 深圳市, 广东省, 518118, 中国",金碧路,碧岭街道,N/A,坪山区,518118,"金碧路, N/A, Shenzhen"
201,22.74609,114.2646,"龙岗社区, 龙岗街道, 龙岗区, 深圳市, 广东省, 518100, 中国",N/A,龙岗街道,N/A,龙岗区,518100,"N/A, Shenzhen"
202,22.68978,114.276,"深圳市枫叶学校, 碧新路, 南约社区, 宝龙街道, 龙岗区, 深圳市, 广东省, 518100, 中国",碧新路,宝龙街道,N/A,龙岗区,518100,"碧新路, N/A, Shenzhen"
203,22.68022,114.25,"园山街道, 龙岗区, 深圳市, 广东省, 518100, 中国",N/A,园山街道,N/A,龙岗区,518100,"N/A, Shenzhen"
204,22.73161,114.2261,"龙平西路, 回龙埔社区, 龙城街道, 龙岗区, 深圳市, 广东省, 518100, 中国",龙平西路,龙城街道,N/A,龙岗区,518100,"龙平西路, N/A, Shenzhen"
205,22.74958,114.2339,"五联路, 三角陂, 龙岗街道, 龙岗区, 深圳市, 广东省, 518100, 中国",五联路,龙岗街道,N/A,龙岗区,518100,"五联路, N/A, Shenzhen"
206,22.69603,114.2533,"宝荷路, 南约社区, 龙岗街道, 龙岗区, 深圳市, 广东省, 518100, 中国",宝荷路,龙岗街道,N/A,龙岗区,518100,"宝荷路, N/A, Shenzhen"
209,22.67449,114.3156,"空中课堂, 嘉圳岭北路, 吓榨村, 沙湖社区, 碧岭街道, 坪山区, 深圳市, 广东省, 518118, 中国",嘉圳岭北路,碧岭街道,N/A,坪山区,518118,"嘉圳岭北路, N/A, Shenzhen"
211,22.70707,114.4092,"杜岗路, 杜岗岭, 石井街道, 坪山区, 深圳市, 广东省, 518118, 中国",杜岗路,石井街道,N/A,坪山区,518118,"杜岗路, N/A, Shenzhen"
212,22.67855,114.3332,"新合路, 黄沙坑, 马峦街道, 坪山区, 深圳市, 广东省, 518118, 中国",新合路,马峦街道,N/A,坪山区,518118,"新合路, N/A, Shenzhen"
213,22.69341,114.3414,"坪山街道办事处, 坪山建设路, 马西, 坪山街道, 坪山区, 深圳市, 广东省, 518118, 中国",坪山建设路,坪山街道,N/A,坪山区,518118,"坪山建设路, N/A, Shenzhen"
214,22.70909,114.374,"金牛西路, 望牛岗, 石井街道, 坪山区, 深圳市, 广东省, 518118, 中国",金牛西路,石井街道,N/A,坪山区,518118,"金牛西路, N/A, Shenzhen"
215,22.75882,114.3603,"深圳市华夏技工学校（坪山校区）, 龙腾路, 大水湾, 龙田街道, 坪山区, 深圳市, 广东省, 518118, 中国",龙腾路,龙田街道,N/A,坪山区,518118,"龙腾路, N/A, Shenzhen"
216,22.75619,114.394,"荣青路, 金沙社区, 坑梓街道, 坪山区, 深圳市, 广东省, 518118, 中国",荣青路,坑梓街道,N/A,坪山区,518118,"荣青路, N/A, Shenzhen"
217,22.74548,114.4011,"金联路, 龙山, 坑梓街道, 坪山区, 深圳市, 广东省, 518118, 中国",金联路,坑梓街道,N/A,坪山区,518118,"金联路, N/A, Shenzhen"
218,22.70786,114.3388,"兰竹西路, 正坑, 坪山街道, 坪山区, 深圳市, 广东省, 518118, 中国",兰竹西路,坪山街道,N/A,坪山区,518118,"兰竹西路, N/A, Shenzhen"
219,22.72768,114.3823,"南方科技大学附属坪山学校, 翠景路, 井水龙, 坑梓街道, 坪山区, 深圳市, 广东省, 518118, 中国",翠景路,坑梓街道,N/A,坪山区,518118,"翠景路, N/A, Shenzhen"
220,22.7122,114.3556,"坪山区规划土地监察局, 兰竹西路, 深圳坪山综合保税区, 罗庚丘, 龙田街道, 坪山区, 深圳市, 广东省, 518118, 中国",兰竹西路,龙田街道,N/A,坪山区,518118,"兰竹西路, N/A, Shenzhen"
221,22.69822,114.3621,"坪山河碧道, 南布社区, 龙田街道, 坪山区, 深圳市, 广东省, 518118, 中国",坪山河碧道,龙田街道,N/A,坪山区,518118,"坪山河碧道, N/A, Shenzhen"
222,22.70973,114.3896,"竹坑路, 上坝, 龙田街道, 坪山区, 深圳市, 广东省, 518118, 中国",竹坑路,龙田街道,N/A,坪山区,518118,"竹坑路, N/A, Shenzhen"
223,22.49357,114.501,"斜鹅线, 南澳街道, 大鹏新区, 龙岗区, 深圳市, 广东省, 518100, 中国",斜鹅线,南澳街道,N/A,龙岗区,518100,"斜鹅线, N/A, Shenzhen"
227,22.61688,114.0987,"翠枫豪园, 大靓, 吉华街道, 龙岗区, 深圳市, 广东省, 518100, 中国",N/A,吉华街道,N/A,龙岗区,518100,"N/A, Shenzhen"
228,22.61624,114.1085,"长龙路, 光华社区, 吉华街道, 龙岗区, 深圳市, 广东省, 518100, 中国",长龙路,吉华街道,N/A,龙岗区,518100,"长龙路, N/A, Shenzhen"
229,22.59826,114.102,"西环路, 钱排, 布吉街道, 龙岗区, 深圳市, 广东省, 518100, 中国",西环路,布吉街道,N/A,龙岗区,518100,"西环路, N/A, Shenzhen"
230,22.62261,114.1255,"星火路, 东方半岛社区, 布吉街道, 龙岗区, 深圳市, 广东省, 518100, 中国",星火路,布吉街道,N/A,龙岗区,518100,"星火路, N/A, Shenzhen"
231,22.63139,114.1408,"宝丹路, 康乐社区, 南湾街道, 龙岗区, 深圳市, 广东省, 518100, 中国",宝丹路,南湾街道,N/A,龙岗区,518100,"宝丹路, N/A, Shenzhen"
232,22.6154,114.1445,"南岭南路, 南岭村社区, 南湾街道, 龙岗区, 深圳市, 广东省, 518100, 中国",南岭南路,南湾街道,N/A,龙岗区,518100,"南岭南路, N/A, Shenzhen"
233,22.64931,114.1751,"9栋, 埔园路, 六约北社区, 横岗街道, 龙岗区, 深圳市, 广东省, 518100, 中国",埔园路,横岗街道,N/A,龙岗区,518100,"埔园路, N/A, Shenzhen"
235,22.62917,114.1821,"开明路, 塘坑社区, 横岗街道, 龙岗区, 深圳市, 广东省, 518100, 中国",开明路,横岗街道,N/A,龙岗区,518100,"开明路, N/A, Shenzhen"
237,22.64195,114.2092,"上围新村, 马竹村, 园山街道, 龙岗区, 深圳市, 广东省, 518100, 中国",N/A,园山街道,N/A,龙岗区,518100,"N/A, Shenzhen"
238,22.64067,114.1707,"深坑村, 横岗街道, 龙岗区, 深圳市, 广东省, 518100, 中国",N/A,横岗街道,N/A,龙岗区,518100,"N/A, Shenzhen"
240,22.63844,114.1879,"六和路, 六约南社区, 横岗街道, 龙岗区, 深圳市, 广东省, 518100, 中国",六和路,横岗街道,N/A,龙岗区,518100,"六和路, N/A, Shenzhen"
241,22.65927,114.2052,"广达路, 畔湖村, 园山街道, 龙岗区, 深圳市, 广东省, 518100, 中国",广达路,园山街道,N/A,龙岗区,518100,"广达路, N/A, Shenzhen"
242,22.65072,114.195,"伟群路, 横岗社区, 横岗街道, 龙岗区, 深圳市, 广东省, 518100, 中国",伟群路,横岗街道,N/A,龙岗区,518100,"伟群路, N/A, Shenzhen"
243,22.71233,114.2208,"余石岭路, 紫薇社区, 龙城街道, 龙岗区, 深圳市, 广东省, 518100, 中国",余石岭路,龙城街道,N/A,龙岗区,518100,"余石岭路, N/A, Shenzhen"
244,22.69373,114.2252,"龙岗大道, 爱联社区, 龙城街道, 龙岗区, 深圳市, 广东省, 518100, 中国",龙岗大道,龙城街道,N/A,龙岗区,518100,"龙岗大道, N/A, Shenzhen"
245,22.70435,114.2352,"怡翠路, 吉祥社区, 龙城街道, 龙岗区, 深圳市, 广东省, 518100, 中国",怡翠路,龙城街道,N/A,龙岗区,518100,"怡翠路, N/A, Shenzhen"
246,22.7155,114.256,"麻岭, 龙岗街道, 龙岗区, 深圳市, 广东省, 518100, 中国",N/A,龙岗街道,N/A,龙岗区,518100,"N/A, Shenzhen"
247,22.72019,114.2695,"上井北, 龙岗街道, 龙岗区, 深圳市, 广东省, 518100, 中国",N/A,龙岗街道,N/A,龙岗区,518100,"N/A, Shenzhen"
248,22.72958,114.2513,"全季深圳龙岗中心城酒店, 32, 盛龙路, 盛平社区, 龙城街道, 龙岗区, 深圳市, 广东省, 518100, 中国",盛龙路,龙城街道,N/A,龙岗区,518100,"盛龙路, N/A, Shenzhen"
249,22.72149,114.2397,"龙德南路, 紫薇社区, 龙城街道, 龙岗区, 深圳市, 广东省, 518100, 中国",龙德南路,龙城街道,N/A,龙岗区,518100,"龙德南路, N/A, Shenzhen"
250,22.51386,113.8839,"锦尚公馆, 妈湾, 南山街道, 南山区, 深圳市, 广东省, 518000, 中国",N/A,南山街道,N/A,南山区,518000,"N/A, Shenzhen"
252,22.63488,114.0808,"龙颈坳路, 山塘排, 坂田街道, 龙岗区, 深圳市, 广东省, 518100, 中国",龙颈坳路,坂田街道,N/A,龙岗区,518100,"龙颈坳路, N/A, Shenzhen"
254,22.639,113.8039,"深圳宝安国际机场, 宝安国际机场, 福永街道, 宝安区, 深圳市, 广东省, 518100, 中国",N/A,福永街道,N/A,宝安区,518100,"N/A, Shenzhen"
255,22.63378,113.8366,"金乡一路, 黄田社区, 航城街道, 宝安区, 深圳市, 广东省, 518100, 中国",金乡一路,航城街道,N/A,宝安区,518100,"金乡一路, N/A, Shenzhen"
256,22.64662,113.874,"蔗园埔, 航城街道, 宝安区, 深圳市, 广东省, 518100, 中国",N/A,航城街道,N/A,宝安区,518100,"N/A, Shenzhen"
257,22.61737,114.5156,"鹏坝通道, 坝光社区, 大鹏街道, 大鹏新区, 龙岗区, 深圳市, 广东省, 518100, 中国",鹏坝通道,大鹏街道,N/A,龙岗区,518100,"鹏坝通道, N/A, Shenzhen"
258,22.70193,114.2052,"智汇路, 启迪协信深圳科技园, 龙城街道, 龙岗区, 深圳市, 广东省, 518100, 中国",智汇路,龙城街道,N/A,龙岗区,518100,"智汇路, N/A, Shenzhen"
259,22.71846,114.3099,"岗德路, 同乐社区, 宝龙街道, 龙岗区, 深圳市, 广东省, 518100, 中国",岗德路,宝龙街道,N/A,龙岗区,518100,"岗德路, N/A, Shenzhen"
261,22.76696,113.9707,"马拉松山湖绿道, 迳口, 光明街道, 光明区, 深圳市, 广东省, 518107, 中国",马拉松山湖绿道,光明街道,N/A,光明区,518107,"马拉松山湖绿道, N/A, Shenzhen"
262,22.54631,114.0534,"深圳市工业展览馆, 福中三路, 福中社区, 莲花街道, 福田区, 深圳市, 广东省, 518038, 中国",福中三路,莲花街道,N/A,福田区,518038,"福中三路, N/A, Shenzhen"
263,22.53673,114.0533,"中心四路, 福安社区, 福田街道, 福田区, 深圳市, 广东省, 518000, 中国",中心四路,福田街道,N/A,福田区,518000,"中心四路, N/A, Shenzhen"
266,22.52129,113.9103,"恩和园国际托育中心, 前海路, 南园社区, 南山街道, 南山区, 深圳市, 广东省, 518000, 中国",前海路,南山街道,N/A,南山区,518000,"前海路, N/A, Shenzhen"
267,22.51218,113.906,"丽林维育学校, 龙船塘街, 南园社区, 南山街道, 南山区, 深圳市, 广东省, 518000, 中国",龙船塘街,南山街道,N/A,南山区,518000,"龙船塘街, N/A, Shenzhen"
268,22.51784,113.9187,"南光路, 登良社区, 南山街道, 南山区, 深圳市, 广东省, 518000, 中国",南光路,南山街道,N/A,南山区,518000,"南光路, N/A, Shenzhen"
269,22.52924,113.9362,"粤兴六道, 高新区社区, 粤海街道, 南山区, 深圳市, 广东省, 518000, 中国",粤兴六道,粤海街道,N/A,南山区,518000,"粤兴六道, N/A, Shenzhen"
270,22.53025,113.9454,"高新南十道, 高新区社区, 粤海街道, 南山区, 深圳市, 广东省, 518000, 中国",高新南十道,粤海街道,N/A,南山区,518000,"高新南十道, N/A, Shenzhen"
271,22.5394,113.9214,"B栋, 南头街, 红花园社区, 南头街道, 南山区, 深圳市, 广东省, 518000, 中国",南头街,南头街道,N/A,南山区,518000,"南头街, N/A, Shenzhen"
272,22.54925,113.9147,"景行路, 南头城社区, 南头街道, 南山区, 深圳市, 广东省, 518000, 中国",景行路,南头街道,N/A,南山区,518000,"景行路, N/A, Shenzhen"
273,22.54958,113.9234,"伯爵精品酒店, 78-101, 艺园路, 马家龙社区, 南头街道, 南山区, 深圳市, 广东省, 518052, 中国",艺园路,南头街道,N/A,南山区,518052,"艺园路, N/A, Shenzhen"
274,22.48642,113.9132,"环船广场, 望海路, 海昌社区, 招商街道, 南山区, 深圳市, 广东省, 518000, 中国",望海路,招商街道,N/A,南山区,518000,"望海路, N/A, Shenzhen"
275,22.49459,113.916,"水湾路, 南水社区, 招商街道, 南山区, 深圳市, 广东省, 518000, 中国",水湾路,招商街道,N/A,南山区,518000,"水湾路, N/A, Shenzhen"
276,22.48623,113.9298,"望海路, 东角头, 东角头社区, 蛇口街道, 南山区, 深圳市, 广东省, 518000, 中国",望海路,蛇口街道,N/A,南山区,518000,"望海路, N/A, Shenzhen"
277,22.52152,113.9258,"文心二路, 海珠社区, 粤海街道, 南山区, 深圳市, 广东省, 518000, 中国",文心二路,粤海街道,N/A,南山区,518000,"文心二路, N/A, Shenzhen"
278,22.52104,113.9321,"文心五路, 海珠社区, 粤海街道, 南山区, 深圳市, 广东省, 518000, 中国",文心五路,粤海街道,N/A,南山区,518000,"文心五路, N/A, Shenzhen"
280,22.51267,113.9242,"63栋, 兴南路, 南油生活区, 南油社区, 粤海街道, 南山区, 深圳市, 广东省, 518000, 中国",兴南路,粤海街道,N/A,南山区,518000,"兴南路, N/A, Shenzhen"
281,22.50352,113.9307,"29栋, 工业八路, 招商街道, 南山区, 深圳市, 广东省, 518000, 中国",工业八路,招商街道,N/A,南山区,518000,"工业八路, N/A, Shenzhen"
282,22.50533,113.923,"育才第四幼儿园, 工业九路, 招商街道, 南山区, 深圳市, 广东省, 518000, 中国",工业九路,招商街道,N/A,南山区,518000,"工业九路, N/A, Shenzhen"
283,22.49366,113.9257,"招商路, 围仔社区, 蛇口街道, 南山区, 深圳市, 广东省, 518000, 中国",招商路,蛇口街道,N/A,南山区,518000,"招商路, N/A, Shenzhen"
285,22.53069,113.9096,"27栋, 学府路, 向南社区, 南山街道, 南山区, 深圳市, 广东省, 518000, 中国",学府路,南山街道,N/A,南山区,518000,"学府路, N/A, Shenzhen"
286,22.53143,113.9199,"南山大道, 大汪山社区, 南头街道, 南山区, 深圳市, 广东省, 518000, 中国",南山大道,南头街道,N/A,南山区,518000,"南山大道, N/A, Shenzhen"
288,22.55854,113.896,"63, 安乐新区, 海乐社区, 新安街道, 宝安区, 深圳市, 广东省, 518101, 中国",N/A,新安街道,N/A,宝安区,518101,"N/A, Shenzhen"
289,22.51649,114.0446,"福荣路辅路, 益田社区, 福保街道, 福田区, 深圳市, 广东省, 518000, 中国",福荣路辅路,福保街道,N/A,福田区,518000,"福荣路辅路, N/A, Shenzhen"
290,22.52499,114.0474,"福民天虹商场, 石厦街, 石厦社区, 福保街道, 福田区, 深圳市, 广东省, 518000, 中国",石厦街,福保街道,N/A,福田区,518000,"石厦街, N/A, Shenzhen"
291,22.51732,114.0555,"银桂道, 福保社区, 福保街道, 福田区, 深圳市, 广东省, 518000, 中国",银桂道,福保街道,N/A,福田区,518000,"银桂道, N/A, Shenzhen"
292,22.525,114.0551,"114, 皇岗新村一期, 皇岗社区, 福田街道, 福田区, 深圳市, 广东省, 518000, 中国",N/A,福田街道,N/A,福田区,518000,"N/A, Shenzhen"
293,22.52713,114.0646,"福喜三街, 福民新村, 福民社区, 福田街道, 福田区, 深圳市, 广东省, 518000, 中国",福喜三街,福田街道,N/A,福田区,518000,"福喜三街, N/A, Shenzhen"
294,22.52086,114.0351,"金地一路, 沙嘴社区, 沙头街道, 福田区, 深圳市, 广东省, 518000, 中国",金地一路,沙头街道,N/A,福田区,518000,"金地一路, N/A, Shenzhen"
295,22.52866,114.0396,"21栋, 新洲二街, 新华社区, 沙头街道, 福田区, 深圳市, 广东省, 518000, 中国",新洲二街,沙头街道,N/A,福田区,518000,"新洲二街, N/A, Shenzhen"
296,22.54603,114.0396,"景田路, 梅岭社区, 莲花街道, 福田区, 深圳市, 广东省, 518000, 中国",景田路,莲花街道,N/A,福田区,518000,"景田路, N/A, Shenzhen"
297,22.55278,114.0387,"商报路, 狮岭社区, 莲花街道, 福田区, 深圳市, 广东省, 518000, 中国",商报路,莲花街道,N/A,福田区,518000,"商报路, N/A, Shenzhen"
298,22.55901,114.0345,"5栋, 景田北三街, 康欣社区, 莲花街道, 福田区, 深圳市, 广东省, 518000, 中国",景田北三街,莲花街道,N/A,福田区,518000,"景田北三街, N/A, Shenzhen"
299,22.53855,114.0033,"6栋, 竹子林四路, 竹子林, 竹林社区, 香蜜湖街道, 福田区, 深圳市, 广东省, 518000, 中国",竹子林四路,香蜜湖街道,N/A,福田区,518000,"竹子林四路, N/A, Shenzhen"
300,22.54379,114.0008,"京港澳高速, 竹子林, 香岭社区, 香蜜湖街道, 福田区, 深圳市, 广东省, 518000, 中国",京港澳高速,香蜜湖街道,N/A,福田区,518000,"京港澳高速, N/A, Shenzhen"
301,22.54929,114.0141,"深圳市高级中学（中心校区）, 2, 春田路, 农园社区, 香蜜湖街道, 福田区, 深圳市, 广东省, 518000, 中国",春田路,香蜜湖街道,N/A,福田区,518000,"春田路, N/A, Shenzhen"
302,22.54145,114.0178,"农园路, 东海社区, 香蜜湖街道, 福田区, 深圳市, 广东省, 518000, 中国",农园路,香蜜湖街道,N/A,福田区,518000,"农园路, N/A, Shenzhen"
303,22.55313,114.0243,"德仕堡会所, 侨香路, 香蜜社区, 香蜜湖街道, 福田区, 深圳市, 广东省, 518000, 中国",侨香路,香蜜湖街道,N/A,福田区,518000,"侨香路, N/A, Shenzhen"
305,22.54006,114.1166,"深圳市公安局 罗湖分局 南湖派出所, 2009, 南湖路, 国贸, 罗湖社区, 南湖街道, 罗湖区, 深圳市, 广东省, 518000, 中国",南湖路,南湖街道,N/A,罗湖区,518000,"南湖路, N/A, Shenzhen"
307,22.5559,114.1043,"宝安南路, 红村社区, 桂园街道, 罗湖区, 深圳市, 广东省, 518000, 中国",宝安南路,桂园街道,N/A,罗湖区,518000,"宝安南路, N/A, Shenzhen"
308,22.54872,114.1044,"广场北街小区, 红村社区, 桂园街道, 罗湖区, 深圳市, 广东省, 518000, 中国",N/A,桂园街道,N/A,罗湖区,518000,"N/A, Shenzhen"
309,22.56802,114.1096,"笋岗村, 笋岗社区, 笋岗街道, 罗湖区, 深圳市, 广东省, 518000, 中国",N/A,笋岗街道,N/A,罗湖区,518000,"N/A, Shenzhen"
311,22.562,114.1028,"笋西社区, 笋岗街道, 罗湖区, 深圳市, 广东省, 518000, 中国",N/A,笋岗街道,N/A,罗湖区,518000,"N/A, Shenzhen"
313,22.58458,114.1073,"清水河二路, 清水河社区, 清水河街道, 罗湖区, 深圳市, 广东省, 518000, 中国",清水河二路,清水河街道,N/A,罗湖区,518000,"清水河二路, N/A, Shenzhen"
314,22.574,114.1304,"百仕达花园1期, 翠达社区, 翠竹街道, 罗湖区, 深圳市, 广东省, 518000, 中国",N/A,翠竹街道,N/A,罗湖区,518000,"N/A, Shenzhen"
316,22.58215,114.1225,"Main Garden Road, 东晓社区, 东晓街道, 罗湖区, 深圳市, 广东省, 518000, 中国",Main Garden Road,东晓街道,N/A,罗湖区,518000,"Main Garden Road, N/A, Shenzhen"
317,22.58799,114.1154,"草埔吓屋村总站 (下客区), 金稻田路, 木棉岭社区, 东晓街道, 罗湖区, 深圳市, 广东省, 518000, 中国",金稻田路,东晓街道,N/A,罗湖区,518000,"金稻田路, N/A, Shenzhen"
318,22.559,114.1764,"邊界道路 Border Road, 馬鞍塘 Ma On Tong, 北區 North District, 新界 New Territories, 香港 Hong Kong, 518021, 中国",邊界道路 Border Road,馬鞍塘 Ma On Tong,N/A,香港 Hong Kong,518021,"邊界道路 Border Road, N/A, Shenzhen"
319,22.56502,114.1774,"仙桐路, 仙湖社区, 莲塘街道, 罗湖区, 深圳市, 广东省, 518000, 中国",仙桐路,莲塘街道,N/A,罗湖区,518000,"仙桐路, N/A, Shenzhen"
321,22.56276,114.2428,"海景二路, 海山街道, 盐田区, 深圳市, 广东省, 518000, 中国",海景二路,海山街道,N/A,盐田区,518000,"海景二路, N/A, Shenzhen"
322,22.55129,114.2244,"沙深路口, 深沙路, 田心社区, 沙头角街道, 盐田区, 深圳市, 广东省, 518000, 中国",深沙路,沙头角街道,N/A,盐田区,518000,"深沙路, N/A, Shenzhen"
324,22.55387,114.2318,"盐田区妇幼保健院, 东和路, 海山街道, 盐田区, 深圳市, 广东省, 518000, 中国",东和路,海山街道,N/A,盐田区,518000,"东和路, N/A, Shenzhen"
325,22.59085,114.2599,"盐田河碧道, 盐田街道, 盐田区, 深圳市, 广东省, 518000, 中国",盐田河碧道,盐田街道,N/A,盐田区,518000,"盐田河碧道, N/A, Shenzhen"
326,22.5833,114.2527,"深圳盐田港保税物流园区, 盐田街道, 盐田区, 深圳市, 广东省, 518000, 中国",N/A,盐田街道,N/A,盐田区,518000,"N/A, Shenzhen"
327,22.5929,114.2459,"盐田五街, 盐田街道, 盐田区, 深圳市, 广东省, 518000, 中国",盐田五街,盐田街道,N/A,盐田区,518000,"盐田五街, N/A, Shenzhen"
328,22.60267,114.1095,"莲花路, 莲花山庄, 布吉社区, 布吉街道, 龙岗区, 深圳市, 广东省, 518100, 中国",莲花路,布吉街道,N/A,龙岗区,518100,"莲花路, N/A, Shenzhen"
329,22.59568,114.12,"B栋, 禾坑路, 龙珠社区, 布吉街道, 龙岗区, 深圳市, 广东省, 518100, 中国",禾坑路,布吉街道,N/A,龙岗区,518100,"禾坑路, N/A, Shenzhen"
330,22.60459,114.1272,"京南路, 可园社区, 布吉街道, 龙岗区, 深圳市, 广东省, 518100, 中国",京南路,布吉街道,N/A,龙岗区,518100,"京南路, N/A, Shenzhen"
331,22.59922,114.1453,"布心山郊野径, 樟树布社区, 东湖街道, 罗湖区, 深圳市, 广东省, 518100, 中国",布心山郊野径,东湖街道,N/A,罗湖区,518100,"布心山郊野径, N/A, Shenzhen"
332,22.57147,114.0487,"10栋, 梅林路, 上梅社区, 梅林街道, 福田区, 深圳市, 广东省, 518000, 中国",梅林路,梅林街道,N/A,福田区,518000,"梅林路, N/A, Shenzhen"
333,22.56949,114.0327,"梅林一村游泳池, 二号路, 梅林一村, 梅林一村社区, 梅林街道, 福田区, 深圳市, 广东省, 518000, 中国",二号路,梅林街道,N/A,福田区,518000,"二号路, N/A, Shenzhen"
335,22.57284,114.057,"深圳档案中心, 2-1, 林丰路, 孖岭社区, 梅林街道, 福田区, 深圳市, 广东省, 518000, 中国",林丰路,梅林街道,N/A,福田区,518000,"林丰路, N/A, Shenzhen"
336,22.5739,114.0664,"2栋, 梅东三路, 翰岭社区, 梅林街道, 福田区, 深圳市, 广东省, 518000, 中国",梅东三路,梅林街道,N/A,福田区,518000,"梅东三路, N/A, Shenzhen"
